{
    "翟源韬（现役）": {
        "球员中文名": "翟源韬（现役）",
        "PLAYER_NAME": "翟源韬（现役）",
        "TEAM_ABBREVIATION": "中北大学",
        "位置": "前锋",
        "PTS": 8.200000000000001,
        "AST": 2.0,
        "OREB": 3.7,
        "DREB": 3.7,
        "REB": 7.4,
        "TOV": 1.0,
        "STL": 0.4,
        "BLK": 0.8,
        "FGM": 2.3000000000000003,
        "FGA": 8.0,
        "FG_PCT": 0.28750000000000003,
        "FG3M": 0.6,
        "FG3A": 2.0,
        "FG3_PCT": 0.3,
        "FTM": 6.0,
        "FTA": 7.0,
        "FT_PCT": 0.8571428571428571,
        "PFD": 1.699999999999998,
        "DEF_RATING": 111.7,
        "AST_PCT": 0.31,
        "REB_PCT": 0.13,
        "2PM": 1.7000000000000002
    },
    "白云涛（现役）": {
        "球员中文名": "白云涛（现役）",
        "PLAYER_NAME": "白云涛（现役）",
        "TEAM_ABBREVIATION": "西京学院",
        "位置": "后卫",
        "PTS": 8.0,
        "AST": 2.0,
        "OREB": 0.7,
        "DREB": 1.1,
        "REB": 1.8,
        "TOV": 2.1,
        "STL": 0.6,
        "BLK": 0.3,
        "FGM": 5.3,
        "FGA": 10.0,
        "FG_PCT": 0.53,
        "FG3M": 2.8,
        "FG3A": 7.0,
        "FG3_PCT": 0.39999999999999997,
        "FTM": 1.5,
        "FTA": 3.0,
        "FT_PCT": 0.5,
        "PFD": 1.699999999999998,
        "DEF_RATING": 120.0,
        "AST_PCT": 0.08,
        "REB_PCT": 0.02,
        "2PM": 2.5
    },
    "李晖（现役）": {
        "球员中文名": "李晖（现役）",
        "PLAYER_NAME": "李晖（现役）",
        "TEAM_ABBREVIATION": "哈尔滨警察学院",
        "位置": "后卫",
        "PTS": 13.0,
        "AST": 2.0,
        "OREB": 0.9,
        "DREB": 1.7,
        "REB": 2.6,
        "TOV": 0.9,
        "STL": 0.9,
        "BLK": 0.5,
        "FGM": 7.500000000000002,
        "FGA": 13.0,
        "FG_PCT": 0.5769230769230771,
        "FG3M": 1.0,
        "FG3A": 3.0,
        "FG3_PCT": 0.3333333333333333,
        "FTM": 4.0,
        "FTA": 5.0,
        "FT_PCT": 0.8,
        "PFD": 4.0,
        "DEF_RATING": 104.2,
        "AST_PCT": 0.27,
        "REB_PCT": 0.15,
        "2PM": 6.500000000000002
    },
    "郝昱（现役）": {
        "球员中文名": "郝昱（现役）",
        "PLAYER_NAME": "郝昱（现役）",
        "TEAM_ABBREVIATION": "中国地质大学",
        "位置": "后卫",
        "PTS": 13.0,
        "AST": 1.0,
        "OREB": 0.5,
        "DREB": 0.6,
        "REB": 1.1,
        "TOV": 2.7,
        "STL": 0.8,
        "BLK": 0.3,
        "FGM": 7.5,
        "FGA": 16.0,
        "FG_PCT": 0.46875,
        "FG3M": 3.1,
        "FG3A": 9.0,
        "FG3_PCT": 0.34444444444444444,
        "FTM": 2.5,
        "FTA": 5.0,
        "FT_PCT": 0.5,
        "PFD": 5.099999999999996,
        "DEF_RATING": 113.8,
        "AST_PCT": 0.01,
        "REB_PCT": 0.11,
        "2PM": 4.4
    },
    "白云涛（2021）": {
        "球员中文名": "白云涛（2021）",
        "PLAYER_NAME": "白云涛（2021）",
        "TEAM_ABBREVIATION": "南煤一队",
        "位置": "后卫",
        "PTS": 23.0,
        "AST": 3.0,
        "OREB": 1.5,
        "DREB": 1.5,
        "REB": 3.0,
        "TOV": 0.3,
        "STL": 0.9,
        "BLK": 0.5,
        "FGM": 8.0,
        "FGA": 16.0,
        "FG_PCT": 0.5,
        "FG3M": 3.5,
        "FG3A": 6.0,
        "FG3_PCT": 0.5833333333333334,
        "FTM": 5.0,
        "FTA": 6.0,
        "FT_PCT": 0.8333333333333334,
        "PFD": 4.599999999999998,
        "DEF_RATING": 110.0,
        "AST_PCT": 0.14,
        "REB_PCT": 0.07,
        "2PM": 4.5
    },
    "李晖（2021）": {
        "球员中文名": "李晖（2021）",
        "PLAYER_NAME": "李晖（2021）",
        "TEAM_ABBREVIATION": "南煤一队",
        "位置": "前锋",
        "PTS": 25.0,
        "AST": 3.0,
        "OREB": 1.5,
        "DREB": 1.7,
        "REB": 3.2,
        "TOV": 0.3,
        "STL": 1.3,
        "BLK": 0.7,
        "FGM": 11.0,
        "FGA": 20.0,
        "FG_PCT": 0.55,
        "FG3M": 1.1,
        "FG3A": 3.0,
        "FG3_PCT": 0.3666666666666667,
        "FTM": 3.0,
        "FTA": 4.0,
        "FT_PCT": 0.75,
        "PFD": 3.9,
        "DEF_RATING": 104.4,
        "AST_PCT": 0.2,
        "REB_PCT": 0.11,
        "2PM": 9.9
    },
    "郝昱（2021）": {
        "球员中文名": "郝昱（2021）",
        "PLAYER_NAME": "郝昱（2021）",
        "TEAM_ABBREVIATION": "南煤一队",
        "位置": "后卫",
        "PTS": 23.0,
        "AST": 2.8,
        "OREB": 1.3,
        "DREB": 1.3,
        "REB": 2.6,
        "TOV": 0.8,
        "STL": 1.1,
        "BLK": 0.3,
        "FGM": 9.0,
        "FGA": 21.0,
        "FG_PCT": 0.42857142857142855,
        "FG3M": 4.3,
        "FG3A": 11.0,
        "FG3_PCT": 0.3909090909090909,
        "FTM": 5.0,
        "FTA": 6.0,
        "FT_PCT": 0.8333333333333334,
        "PFD": 4.9999999999999964,
        "DEF_RATING": 109.6,
        "AST_PCT": 0.21,
        "REB_PCT": 0.09,
        "2PM": 4.7
    },
    "翟源韬（2021）": {
        "球员中文名": "翟源韬（2021）",
        "PLAYER_NAME": "翟源韬（2021）",
        "TEAM_ABBREVIATION": "南煤一队",
        "位置": "前锋",
        "PTS": 18.0,
        "AST": 13.0,
        "OREB": 4.0,
        "DREB": 4.0,
        "REB": 8.0,
        "TOV": 1.5,
        "STL": 1.8,
        "BLK": 2.5100000000000002,
        "FGM": 6.3000000000000025,
        "FGA": 15.0,
        "FG_PCT": 0.42000000000000015,
        "FG3M": 1.5,
        "FG3A": 4.0,
        "FG3_PCT": 0.375,
        "FTM": 6.0,
        "FTA": 7.0,
        "FT_PCT": 0.8571428571428571,
        "PFD": 1.5,
        "DEF_RATING": 99.6,
        "AST_PCT": 0.45,
        "REB_PCT": 0.19,
        "2PM": 4.8000000000000025
    }
}